Holiday,Date
HANUKKAH BEGINS,2023-12-07
,
,
TU BISHVAT,2024-01-25
PURIM BEGINS,2024-03-23
PASSOVER BEGINS,2024-04-22
YOM HASHOAH,2024-05-05
YOM HA’ATZMAUT,2024-05-12
LAG B’OMER,2024-05-25
SHAVUOT,2024-06-11
TISHA B'AV,2024-08-12
ROSH HASHANAH BEGINS,2024-10-02
YOM KIPPUR BEGINS,2024-10-11
SUKKOT BEGINS,2024-10-16
SHEMINI ATZERET,2024-10-23
SIMCHAT TORAH,2024-10-24
HANUKKAH BEGINS,2024-12-25
,
,
TU BISHVAT,2025-02-12
PURIM BEGINS,2025-03-13
PASSOVER BEGINS,2025-04-12
YOM HASHOAH,2025-04-23
YOM HA’ATZMAUT,2025-05-02
LAG B’OMER,2025-05-15
SHAVUOT,2025-06-01
TISHA B'AV,2025-08-02
ROSH HASHANAH BEGINS,2025-09-22
YOM KIPPUR BEGINS,2025-10-01
SUKKOT BEGINS,2025-10-06
SHEMINI ATZERET,2025-10-13
SIMCHAT TORAH,2025-10-14
HANUKKAH BEGINS,2025-12-14
,
,
TU BISHVAT,2026-02-01
PURIM BEGINS,2026-03-02
PASSOVER BEGINS,2026-04-01
YOM HASHOAH,2026-04-13
YOM HA’ATZMAUT,2026-04-21
LAG B’OMER,2026-05-04
SHAVUOT,2026-05-21
TISHA B'AV,2026-07-22
ROSH HASHANAH BEGINS,2026-09-11
YOM KIPPUR BEGINS,2026-09-20
SUKKOT BEGINS,2026-09-25
SHEMINI ATZERET,2026-10-02
SIMCHAT TORAH,2026-10-03
HANUKKAH BEGINS,2026-12-04
,
